[
  {
    "id": "1",
    "imname":  "http://pub.tcc-interiors.com/yypic/Uploads/vod/2019-11-29/5de0d0a4562f8.jpg",
    "name":  "一个好人",
    "Starring":  "成龙 理查德·诺顿 李婷宜",
    "director":  "洪金宝",
    "score":  "8.6",
    "story":  "在躲避贩毒集团追逐的路上，戴安娜巧遇积奇，后者仗义出手为她引开歹徒，孰料两人分手时戴安娜错将积奇的节目录像带当做证据带走。戴安娜的住处很快被贩毒集团找到，一时间，围绕着录像带，积奇、警方、以及两个犯罪集团陷入了混乱的争夺战。",
    "movie": [
      "https://gnzk.yiya520.com/2019/08/02/1k6KgDqmZa3ldbSg/playlist.m3u8"
    ],
    "age":"2014",
    "type":"电影"
  }

]


