[
  {
    "id": "1",
    "imname":  "http://pub.tcc-interiors.com/yypic/Uploads/vod/2019-11-29/5de0d0a4562f8.jpg",
    "name":  "一个好人",
    "Starring":  "成龙 理查德·诺顿 李婷宜",
    "director":  "洪金宝",
    "score":  "8.6",
    "story":  "在躲避贩毒集团追逐的路上，戴安娜巧遇积奇，后者仗义出手为她引开歹徒，孰料两人分手时戴安娜错将积奇的节目录像带当做证据带走。戴安娜的住处很快被贩毒集团找到，一时间，围绕着录像带，积奇、警方、以及两个犯罪集团陷入了混乱的争夺战。",
    "movie": [
     "https://gnzk.yiya520.com/2019/08/02/1k6KgDqmZa3ldbSg/playlist.m3u8"
    ],
    "age":"2014",
    "type":"电影",
    "type1": "3",
    "type2": "1",
    "type3": "4"
  },
  {
    "id": "1",
    "imname":  "http://pub.tcc-interiors.com/yypic/Uploads/vod/2017-06-02/5930d8d3467a2.jpg",
    "name":  "特工学妹",
    "Starring":  "傅筱 丰林虎 陈敬德",
    "director":  "未知",
    "score":  "7.0",
    "story":  "从小受训的特工雅丽长大后成为一名优秀的特工，在一次反恐行动中失误导致同伴学长终身残疾。导师为了让她走出心理阴影派她去一所私立学校卧底调查这所学校的光头校长的受贿证据。雅丽来到学校，开始了她的危险之旅。",
    "movie": [
      "https://hair.jingpin88.com/20171030/Olo3U9xA/index.m3u8"
    ],
    "age":"2015",
    "type":"电影",
    "type1": "1",
    "type2": "3",
    "type3": "4"
  },
  {
    "id": "1",
    "imname":  "http://pub.tcc-interiors.com/yypic/Uploads/vod/2017-06-06/593616fb9b9b6.jpg",
    "name":  "火眼貔貅",
    "Starring":  "陈欢 张熙媛 褚强 陈铮",
    "score":  "5.5",
    "director":  "麦子",
    "story":  "名门世家隋光远的女儿隋果果艳遇风水世家出身的曾杰，人称小七爷。由于隋果果与小七爷的缘分，在经过一系列事件后。小七爷最终答应了隋家的请求。 查看过隋家的情况，治好长女后,曾杰告诉隋光远，隋家是被人做了一个叫做“火眼貔貅”的风水局。",
    "movie": [
      "https://vip.yingshidaqian.com/20180818/I2EYcIHs/index.m3u8"
    ],
    "age":"2016",
    "type":"电影",
    "type1": "3",
    "type2": "1",
    "type3": "3"
  },

  {
    "id": "1",
    "imname":  "http://pub.tcc-interiors.com/yypic/Uploads/vod/2017-06-06/5936171f169c8.jpg",
    "name":  "超能外星女友",
    "score":  "4.1",
    "Starring":  "李璐兵 李珂如 辛新 崔舒贺",
    "director":  "朱江 ",
    "story":  "一直怀揣着外星梦想的陈天奇（李璐兵饰），在一次观测流星雨的时候，发现一颗陨石降落到了地球，就在他无比兴奋的去寻找的时候，展露在他眼前的竟然是一架UFO，而从飞碟中走出的外星女子更是爆出我们交往吧的惊天话语。面对外星入侵，发生在天文爱好者和外星人之间的爱情又将何去何从？",
    "movie": [
      "https://vip.yingshidaqian.com/20180821/UentxqC3/index.m3u8"
    ],
    "age":"2017",
    "type":"电影",
    "type1": "4",
    "type2": "1",
    "type3": "2"
  },
  {
    "id": "1",
    "imname":  "http://pub.tcc-interiors.com/yypic/Uploads/vod/2017-06-06/593616434e3db.jpg",
    "name":  "热血技校",
    "Starring":  "邱晓东. 于心妍 韩锐 ",
    "score":  "3.8",
    "director":  "孟飛 贺乾明 ",
    "story":  "梦想成为英雄的米凡，被殴打追赶，躲进一所技校，危机时刻一口奇异的锅帮他化险为夷。米凡暗恋上大学校花雨晴，受尽排挤，直到有一天他拥有了超能力后发生的一系列故事。",
    "movie": [
      "https://youku.cdn-tudou.com/20180422/5344_5b26a602/index.m3u8"
    ],
    "age":"2018",
    "type":"电影",
    "type1": "4",
    "type2": "3",
    "type3": "1"
  },

  {
    "id": "1",
    "imname":  "http://pub.tcc-interiors.com/yypic/Uploads/vod/2017-06-06/593616b45ef16.jpg",
    "name":  "电竞之王",
    "score":  "2.4",
    "Starring":  "张玉轩 李子雄 黄一飞 王奕斐 ",
    "director":  "张伟 ",
    "story":  "陈聪明在现实世界是个碌碌无为的屌丝游戏迷，一次偶然，他穿越到了以游戏为主流的平行世界，如鱼得水的他泡上总裁千金，攀上公司最高层，天天玩游戏就可以挣大钱！忘乎所以的陈聪明抛弃了曾经的发妻，此时上天又让他穿越回到现实世界，不肯接受再次沦为屌丝的命运，陈聪明抛弃了爱他的",
    "movie": [
      "https://bofang.jingpin88.com/20180328/efp9PUvJ/index.m3u8"
    ],
    "age":"2019",
    "type":"电影",
    "type1": "1",
    "type2": "1",
    "type3": "2"
  },

  {
    "id": "1",
    "imname":  "http://pub.tcc-interiors.com/yypic/Uploads/vod/2019-10-24/5db07dcadba68.jpg",
    "name":  "抓住柳灵",
    "score":  "9.4",
    "Starring":  "文根英 김선호 ",
    "director":  "申允燮 ",
    "story":  "文根英在剧中饰演往十里地铁警察队新刑警刘玲，她患有自闭症的双胞胎弟弟失踪，为了寻找弟弟，报名参加了地铁警察队，在那里遇到宿命的搭档警察队班长",
    "movie": [
      "https://youku.com-ok-pptv.com/20191021/8393_96b99b3c/index.m3u8",
      "https://youku.cdn1-okzy.com/20191022/8446_f711c508/index.m3u8",
      "https://youku.cdn1-okzy.com/20191028/8710_c4b1ac4c/index.m3u8",
      "https://youku.cdn1-okzy.com/20191029/8737_4797d485/index.m3u8",
      "https://youku.cdn1-okzy.com/20191104/8998_8c6f3d6d/index.m3u8",
      "https://youku.cdn1-okzy.com/20191105/9032_866d280a/index.m3u8",
      "https://youku.cdn1-okzy.com/20191111/9239_325f6b8e/index.m3u8",
      "https://youku.cdn1-okzy.com/20191112/9267_e560260f/index.m3u8"
    ],
    "age":"2015",
    "type":"电视剧",
    "type1": "4",
    "type2": "3",
    "type3": "1"
  },

  {
    "id": "1",
    "imname":  "http://pub.tcc-interiors.com/yypic/Uploads/vod/2019-11-14/5dcd4afc1a956.jpg",
    "name":  "鹤唳华亭",
    "score":  "7.8",
    "Starring":  "罗晋 李一桐 王劲松 郝蕾 刘德凯",
    "director":  "杨文军  ",
    "story":  "皇太子萧定权少年丧母丧妹不与父亲亲近，早年的经历让他对亲情极度渴望，总是想竭力留住身边仅有的亲人对于父亲，萧定权又敬爱又畏惧，既期望获得父亲的肯定，又害怕面对希望落空时的窘境。而齐王及其岳父中书令李柏舟屡屡制造祸端，不但迫害了萧定权身边仅有的珍视之人，还令萧定权与父亲间的隔阂日渐加深。",
    "movie": [
      "https://hong.tianzhen-zuida.com/20191112/13591_aec96eee/index.m3u8",
      "https://hong.tianzhen-zuida.com/20191112/13590_961163b9/index.m3u8",
      "https://hong.tianzhen-zuida.com/20191112/13589_87a9a3d3/index.m3u8",
      "https://hong.tianzhen-zuida.com/20191112/13588_b6ffab48/index.m3u8",
      "https://hong.tianzhen-zuida.com/20191112/13587_1391694c/index.m3u8"
    ],
    "age":"2016",
    "type":"电视剧",
    "type1": "1",
    "type2": "1",
    "type3": "3"
  },

  {
    "id": "1",
    "imname":  "http://pub.tcc-interiors.com/yypic/Uploads/vod/2019-11-07/5dc2eed51d6f2.jpg",
    "name":  "河山",
    "score":  "6.0",
    "Starring":  "王新军 秦海璐 李雪健 张嘉译 辛柏青",
    "director":  "王新军  ",
    "story":  "西安事变时，因率部抢占赤水河扭转事变局势的卫大河被贬回乡抗战爆发，他重返前线，被派往由国共两党共同组建的中条山游击纵队，面对各种势力的相互倾轧，卫大河依然屡建奇功。在八路军团长高晓山、我党地下工作者付洋、姜雅真等人的帮助下，在与日军进行了骑马山、雪花山、永济血战及保卫根据地等一系列残酷斗争后，卫大河",
    "movie": [
      "https://hong.tianzhen-zuida.com/20191107/13221_0bf54f0b/index.m3u8",
      "https://hong.tianzhen-zuida.com/20191108/13317_072a9f74/index.m3u8",
      "https://hong.tianzhen-zuida.com/20191108/13316_62d5e502/index.m3u8",
      "https://meng.wuyou-zuida.com/20191108/21772_c4eb6eb9/index.m3u8",
      "https://hong.tianzhen-zuida.com/20191108/13381_9b7bfa91/index.m3u8",
      "https://hong.tianzhen-zuida.com/20191109/13455_a10c1ec9/index.m3u8",
      "https://meng.wuyou-zuida.com/20191109/21830_6fcfa444/index.m3u8",
      "https://meng.wuyou-zuida.com/20191110/21866_8e5d7596/index.m3u8",
      "https://meng.wuyou-zuida.com/20191110/21869_e4f6d6fb/index.m3u8",
      "https://meng.wuyou-zuida.com/20191111/21905_97ed590b/index.m3u8",
      "https://hong.tianzhen-zuida.com/20191111/13567_b0622467/index.m3u8",
      "https://meng.wuyou-zuida.com/20191113/22056_11a3a56e/index.m3u8",
      "https://meng.wuyou-zuida.com/20191113/22055_5eb1289a/index.m3u8",
      "https://hong.tianzhen-zuida.com/20191113/13734_ec65d4a9/index.m3u8",
      "https://hong.tianzhen-zuida.com/20191113/13738_6d80eca9/index.m3u8"
    ],
    "age":"2014",
    "type":"电视剧",
    "type1": "3",
    "type2": "1",
    "type3": "4"
  },

  {
    "id": "1",
    "imname":  "http://pub.tcc-interiors.com/yypic/Uploads/vod/2017-06-02/5930f3d3652a8.jpg",
    "name":  "步步惊情",
    "score":  "5.7",
    "Starring":  "吴奇隆 刘诗诗 孙艺洲 蒋劲夫 刘松仁 ",
    "director":  "李国立   ",
    "story":  "终日痴迷于古装电视剧，而一场突发的车祸则让她与剧中“四爷”极为相像的震天集团总裁康震天（刘松仁饰）的继子殷正（吴奇隆饰）相遇为了和梦中的“四爷”相守，她应聘平面设计师到震天旗下工作。这时神秘女子蓝兰（刘诗诗饰）也出现在殷正身边，她竟与张",
    "movie": [
      "https://56.com-t-56.com/20190420/14621_9c0b6fe2/index.m3u8",
      "https://56.com-t-56.com/20190420/14622_86546a1d/index.m3u8",
      "https://56.com-t-56.com/20190420/14623_f37a9b17/index.m3u8",
      "https://56.com-t-56.com/20190420/14624_d1ca1b48/index.m3u8",
      "https://56.com-t-56.com/20190420/14625_d822ebc0/index.m3u8",
      "https://56.com-t-56.com/20190420/14626_884cbf18/index.m3u8",
      "https://56.com-t-56.com/20190420/14627_c2666d66/index.m3u8",
      "https://56.com-t-56.com/20190420/14628_62f4ccf0/index.m3u8",
      "https://56.com-t-56.com/20190420/14629_cb0f7a26/index.m3u8",
      "https://56.com-t-56.com/20190420/14630_b7d13d36/index.m3u8",
      "https://56.com-t-56.com/20190420/14631_17821d3f/index.m3u8",
      "https://56.com-t-56.com/20190420/14632_cc3326f5/index.m3u8",
      "https://56.com-t-56.com/20190420/14633_0cf24993/index.m3u8",
      "https://56.com-t-56.com/20190420/14634_5cb00f63/index.m3u8",
      "https://56.com-t-56.com/20190420/14635_89bda5a2/index.m3u8",
      "https://56.com-t-56.com/20190420/14636_af83842c/index.m3u8",
      "https://56.com-t-56.com/20190420/14637_dcd66125/index.m3u8",
      "https://56.com-t-56.com/20190420/14638_b846c676/index.m3u8",
      "https://56.com-t-56.com/20190420/14639_a2755531/index.m3u8",
      "https://56.com-t-56.com/20190420/14640_fc4d28d8/index.m3u8"
    ],
    "age":"2015",
    "type":"电视剧",
    "type1": "2",
    "type2": "4",
    "type3": "4"
  },

  {
    "id": "1",
    "imname":  "http://pub.tcc-interiors.com/yypic/Uploads/vod/2017-06-02/5930d979ba71d.com/0516000051B703BC675839783C007F0A",
    "name":  "新还珠格格",
    "score":  "5.0",
    "Starring":  "李晟 海陆 张睿 李佳航 赵丽颖",
    "director":  "李平    ",
    "story":  "清朝乾隆年间，美丽端庄的姑娘夏紫薇和丫环金锁从济南大明湖来至京城，因在大街拦截宗人府梁大人的轿乘而被殴打，正在市集卖艺的小燕子、柳家兄妹拔刀相助，由此和紫薇成为好友。在此之后，紫薇主仆与小燕子结伴卖艺，经历了无数次刺激的冒险，还结实洋人班杰明。随着友情的加深，紫薇向小燕子吐露了身世，原来她竟是当今圣",
    "movie": [
      "https://bilibili.com-l-163.com/20180920/3615_fb65e318/index.m3u8",
      "https://bilibili.com-l-163.com/20180920/3616_5be8cb2c/index.m3u8",
      "https://bilibili.com-l-163.com/20180920/3617_8d79e83d/index.m3u8",
      "https://bilibili.com-l-163.com/20180920/3618_1cea6f29/index.m3u8",
      "https://bilibili.com-l-163.com/20180920/3619_107d2806/index.m3u8",
      "https://bilibili.com-l-163.com/20180920/3620_eeda4c5e/index.m3u8",
      "https://bilibili.com-l-163.com/20180920/3621_85f77006/index.m3u8",
      "https://bilibili.com-l-163.com/20180920/3622_f3ba4873/index.m3u8",
      "https://bilibili.com-l-163.com/20180920/3623_9c707ae4/index.m3u8",
      "https://bilibili.com-l-163.com/20180920/3624_82e8f161/index.m3u8",
      "https://bilibili.com-l-163.com/20180920/3625_2fcd9037/index.m3u8",
      "https://bilibili.com-l-163.com/20180920/3626_072061e3/index.m3u8",
      "https://bilibili.com-l-163.com/20180920/3627_f79d4d7c/index.m3u8",
      "https://bilibili.com-l-163.com/20180920/3628_f94c1ae5/index.m3u8",
      "https://bilibili.com-l-163.com/20180920/3629_04a82d0a/index.m3u8",
      "https://bilibili.com-l-163.com/20180920/3630_c4712902/index.m3u8",
      "https://bilibili.com-l-163.com/20180920/3631_bb69aa87/index.m3u8",
      "https://bilibili.com-l-163.com/20180920/3632_effa6168/index.m3u8",
      "https://bilibili.com-l-163.com/20180920/3633_a4f60783/index.m3u8",
      "https://bilibili.com-l-163.com/20180920/3634_b11036d5/index.m3u8",
      "https://bilibili.com-l-163.com/20180920/3635_6f06effc/index.m3u8",
      "https://bilibili.com-l-163.com/20180920/3636_be9a1fa5/index.m3u8",
      "https://bilibili.com-l-163.com/20180920/3637_4a9382c6/index.m3u8",
      "https://bilibili.com-l-163.com/20180920/3638_109b6159/index.m3u8",
      "https://bilibili.com-l-163.com/20180920/3639_0be8a7bb/index.m3u8",
      "https://bilibili.com-l-163.com/20180920/3640_476a3bd9/index.m3u8",
      "https://bilibili.com-l-163.com/20180920/3641_c77333ec/index.m3u8",
      "https://bilibili.com-l-163.com/20180920/3642_be48e31c/index.m3u8",
      "https://bilibili.com-l-163.com/20180920/3643_92298520/index.m3u8",
      "https://bilibili.com-l-163.com/20180920/3644_fb23812d/index.m3u8",
      "https://bilibili.com-l-163.com/20180920/3645_15b34e03/index.m3u8",
      "https://bilibili.com-l-163.com/20180920/3646_4cb54bef/index.m3u8"
    ],
    "age":"2019",
    "type":"电视剧",
    "type1": "2",
    "type2": "1",
    "type3": "2"
  },

  {
    "id": "1",
    "imname":  "http://pub.tcc-interiors.com/yypic/Uploads/vod/2019-06-04/5cf5ec1876265.jpg",
    "name":  "凤弈",
    "score":  "3.2",
    "Starring":  "何泓姗 徐正溪 曹曦文 黎耀祥",
    "director":  "卫翰韬  ",
    "story":  "东梁年间，百戏团台柱叶凝芝随团入宫为皇太后的寿宴演出，不料遭长公主陷害，幸得第一谋士魏广出手相救，叶凝芝自此难忘魏大人半年后叶凝芝意外再次入宫，成为了皇后身边的宫女。见识了种种冤假错案不平事，她凭借智慧和勇气，替底层出头，向权贵亮剑，成为后宫中的一股清流，就连最难以捉摸的皇后也被她感动。同样被叶凝芝",
    "movie": [
      "https://zuikzy.603ee.com/2019/05/28/tgTl40f4lWErI8Lu/playlist.m3u8",
      "https://zuikzy.603ee.com/2019/05/28/r6uh2ajOU7vAT0Xo/playlist.m3u8",
      "https://zuikzy.603ee.com/2019/05/28/zni4zLt0TtBjSK4y/playlist.m3u8",
      "https://zuikzy.603ee.com/2019/05/28/kHx2yeQmj2iLliTH/playlist.m3u8",
      "https://zuikzy.603ee.com/2019/05/28/yGA56Cn5GZ1RAThL/playlist.m3u8",
      "https://zuikzy.603ee.com/2019/05/28/TP3vpmetlWyWmPCo/playlist.m3u8"
    ],
    "age":"2014",
    "type":"电视剧",
    "type1": "2",
    "type2": "4",
    "type3": "3"
  },

  {
    "id": "1",
    "imname":  "http://pub.tcc-interiors.com/yypic/Uploads/vod/2019-01-17/5c401fca25cfd.jpg",
    "name":  "灵剑尊",
    "score":  "9.2",
    "Starring":  "索一",
    "director":  "叶老酒  ",
    "story":  "大梦一场，落魄少年立志要改变现状奋发图强创造一片新天地珍奇异宝，功法武决，遗失的强者洞府，在这个天才辈出，充满挑战和机缘的时代，且看落魄少主如何闯荡大陆、遭奇遇，成为叱咤风云的至尊天帝。以前的仇人，现在，绝不会放过！梦中的遗憾，现在，一定要弥补！待到灵剑长啸之时，天地三界，我为至尊！",
    "movie": [
      "https://yushou.qitu-zuida.com/20190114/24544_50bd160e/index.m3u8",
      "https://yushou.qitu-zuida.com/20190114/24543_65435708/index.m3u8",
      "https://yushou.qitu-zuida.com/20190114/24542_c772e4cb/index.m3u8",
      "https://yushou.qitu-zuida.com/20190114/24541_acb84bc7/index.m3u8",
      "https://feifei.feifeizuida.com/20190117/4691_a70af7d5/index.m3u8",
      "https://feifei.feifeizuida.com/20190121/4810_7bc4b6e9/index.m3u8",
      "https://yushou.qitu-zuida.com/20190124/26629_5ba674af/index.m3u8",
      "https://yushou.qitu-zuida.com/20190128/27047_cdc7dba0/index.m3u8",
      "https://bili.meijuzuida.com/20190201/1594_a055b9d9/index.m3u8"
    ],
    "age":"2017",
    "type":"动漫",
    "type1": "4",
    "type2": "1",
    "type3": "1"
  },

  {
    "id": "1",
    "imname":  "http://pub.tcc-interiors.com/yypic/Uploads/vod/2017-06-02/5930d522e8196.jpg",
    "name":  "熊出没之秋日",
    "score":  "6.9",
    "Starring":  "张伟 谭笑 张秉君 ",
    "director":  "丁亮 ",
    "story":  "在秋天的森林里熊大熊二和光头强之间发生的和秋季有关的系列故事，如赏红枫、处理落叶、森林防火等，为了阻止光头强破坏森林，保卫自己的家园，以熊大熊二为首的丛林动物们和光头强继续展开保卫森林的斗争",
    "movie": [
      "https://56.com-t-56.com/20190216/5037_947cacb2/index.m3u8",
      "https://56.com-t-56.com/20190216/5038_f90d8759/index.m3u8",
      "https://56.com-t-56.com/20190216/5039_d636aed9/index.m3u8",
      "https://56.com-t-56.com/20190216/5040_23e13251/index.m3u8",
      "https://56.com-t-56.com/20190216/5041_b21c9e23/index.m3u8",
      "https://56.com-t-56.com/20190216/5042_7c3878b7/index.m3u8",
      "https://56.com-t-56.com/20190216/5043_1224e6b6/index.m3u8",
      "https://56.com-t-56.com/20190216/5044_eada5908/index.m3u8",
      "https://56.com-t-56.com/20190216/5045_3ea2c442/index.m3u8",
      "https://56.com-t-56.com/20190216/5046_ca6f6ecd/index.m3u8"
    ],
    "age":"2016",
    "type":"动漫",
    "type1": "1",
    "type2": "1",
    "type3": "2"
  },
  {
    "id": "1",
    "imname":  "http://pub.tcc-interiors.com/yypic/Uploads/vod/2019-10-26/5db3dae1add6e.jpg",
    "name":  "泰迦奥特曼",
    "score":  "4.6",
    "Starring":  "井上祐贵 新山千春 谅太郎",
    "director":  "不详 ",
    "story":  "令和第一个奥特曼，泰罗之子，泰伽登场！地球上住着很多偷偷隐居在此的宇宙人只有很少一部分的人知道这个真相，一般民众并不知情。在这样的社会中主人公“工藤优幸”就职于以解决宇宙人所产生的纠纷为主的民间警备组织“伊吉斯”每天为了和平而努力工作着。而他身上却隐藏",
    "movie": [
      "https://wuji.zhulong-zuida.com/20190707/1224_2141020d/index.m3u8",
      "https://bili.meijuzuida.com/20190713/20471_696f53da/index.m3u8",
      "https://yanzishan.shuhu-zuida.com/20190720/440_0561ed9e/index.m3u8",
      "https://yanzishan.shuhu-zuida.com/20190727/1150_25749014/index.m3u8",
      "https://yanzishan.shuhu-zuida.com/20190803/3614_8570b76b/index.m3u8"
    ],
    "age":"2015",
    "type":"动漫",
    "type1": "4",
    "type2": "3",
    "type3": "1"
  },
  {
    "id": "1",
    "imname":  "http://pub.tcc-interiors.com/yypic/Uploads/vod/2019-05-11/5cd6dfce54955.jpg",
    "name":  "斗罗大陆",
    "score":  "3.9",
    "Starring":  "沈磊 翟巍 吴磊 陶典",
    "director":  "沈乐平 ",
    "story":  "唐门外门弟子唐三，因偷学内门绝学为唐门所不容，跳崖明志时却发现没有死，反而以另外一个身份来到了另一个世界，一个属于武魂的世界，名叫斗罗大陆。这里没有魔法，没有斗气，没有武术，却有神奇的武魂。这里的每个人，在自己六岁的时候，都会在武魂殿中令武魂觉醒。武魂有动物，有植物，有器物，武魂可以辅助人们的日常生",
    "movie": [
      "https://leshi.cdn-zuyida.com/20180121/KXHDAHhM/index.m3u8",
      "https://leshi.cdn-zuyida.com/20180121/23K5Cdbb/index.m3u8",
      "https://leshi.cdn-zuyida.com/20180127/Svh8ux3I/index.m3u8",
      "https://yushou.qitu-zuida.com/20180203/PkiVUSlg/index.m3u8",
      "https://yushou.qitu-zuida.com/20180210/kBOY3dJy/index.m3u8",
      "https://yiyi.55zuiday.com/20180217/xT5RCj77/index.m3u8",
      "https://haoa.haozuida.com/20180224/mIDSxqjR/index.m3u8",
      "https://haoa.haozuida.com/20180304/2nz4PAJE/index.m3u8"
    ],
    "age":"2018",
    "type":"动漫",
    "type1": "2",
    "type2": "2",
    "type3": "2"
  },
  {
    "id": "1",
    "imname":  "http://pub.tcc-interiors.com/yypic/Uploads/vod/2017-06-05/5935145b8c1f1.jpg",
    "name":  "西行纪",
    "score":  "3.0",
    "Starring":  "夏磊 吴磊 阿杰 沈达威 ",
    "director":  "钟智行 ",
    "story":  "唐三藏师徒取得奇经交予天庭的十六年后，世界却并没有因此变好。如今奇经下落不明，天庭派大军大肆搜寻，以天羽山之战为起点，狼妖白狼不辞万难地寻回当年取经的唐僧师徒，小队集结踏上还之路……史上最颠覆的西游传奇便在此展开。",
    "movie": [
      "https://vip888.kuyun99.com/20180718/4fyvMYeK/index.m3u8",
      "https://vip888.kuyun99.com/20180718/vC7jZB5i/index.m3u8",
      "https://vip.let-kuyun.com/20180725/hupM8Y94/index.m3u8",
      "https://vip888.kuyun99.com/20180801/C9wJfPN9/index.m3u8",
      "https://vip.let-kuyun.com/20180808/QK2VBr3C/index.m3u8"
    ],
    "age":"2019",
    "type":"动漫",
    "type1": "1",
    "type2": "3",
    "type3": "1"
  },

  {
    "id": "1",
    "imname":  "http://pub.tcc-interiors.com/yypic/Uploads/vod/2017-10-03/59d38aa98c393.com/0516000059C5F945ADBC093F8F096418",
    "name":  "黑色四叶草",
    "score":  "2.0",
    "Starring":  "梶原岳人 岛崎信长 优木加奈",
    "director":  "未知",
    "story":  "曾经险些遭到魔神毁灭的世界，拯救它的是一位被后世称为“魔法帝”的魔导士……两位被遗弃在教堂的少年，一位是有卓越魔力跟魔法才能的四叶草魔导书的尤诺，另一位魔法值为零但却意外获得黑色五叶草的魔法书的亚斯塔……这是关于一位没魔法能力的少年却想要成为魔法帝的故事。",
    "movie": [
      "https://leshi.cdn-zuyida.com/20171003/aTAEVGH3/index.m3u8",
      "https://haoa.haozuida.com/20171010/DYgk65cH/index.m3u8",
      "https://leshi.cdn-zuyida.com/20171017/csxzAF7N/index.m3u8",
      "https://leshi.cdn-zuyida.com/20171024/5ctdI5Ti/index.m3u8",
      "https://leshi.cdn-zuyida.com/20171031/KMZyRBfX/index.m3u8",
      "https://haoa.haozuida.com/20171107/7DJ2oku6/index.m3u8"
    ],
    "age":"2015",
    "type":"动漫",
    "type1": "1",
    "type2": "3",
    "type3": "3"
  },

  {
    "id": "1",
    "imname":  "http://pub.tcc-interiors.com/yypic/Uploads/vod/2019-11-11/5dc8b3130fede.jpg",
    "name":  "特别行动",
    "score":  "8.0",
    "Starring":  "道恩·强森 杰森·斯坦森",
    "director":  "大卫·里奇",
    "story":  "一个是美国外交安全局的忠诚特工、身材魁梧的执法者霍布斯，一个是前英国军事特工精英、无法无天的恶棍肖。...。",
    "movie": [
      "https://gnzk.yiya520.com/2019/09/20/6SPD6zlsEUdFfQJp/playlist.m3u8"
    ],
    "age":"2019",
    "type":"电影",
    "type1": "3",
    "type2": "2",
    "type3": "1"
  },

  {
    "id": "1",
    "imname":  "http://pub.tcc-interiors.com/yypic/Uploads/vod/2019-11-23/5dd8a291a9adb.jpg",
    "name":  "最后的血",
    "score":  "6.0",
    "Starring":  "西尔维斯特·史泰龙帕斯·贝加",
    "director":  "格鲁伯格",
    "story":  "故事围绕兰博为营救朋友之女与墨西哥毒枭展开殊死搏斗展开。制片艾威·勒纳([敢死队]系列)。该系列首部于1982年上映，2008年史泰龙曾自导自演[第一滴血4]。[第一滴血5]将在本届戛纳电影节预售，9月开拍。",
    "movie": [
      "https://bili.meijuzuida.com/20191130/22015_f1f7436d/index.m3u8"
    ],
    "age":"2018",
    "type":"电影",
    "type1": "3",
    "type2": "4",
    "type3": "2"
  },

  {
    "id": "1",
    "imname":  "https://statics.qishige.com/upload/vod/20191025-1/7cc9089b36a5e5059ac0478845be506d.jpg",
    "name":  "少年的你",
    "score":  "7.9",
    "Starring":  "周冬雨 易烊千玺 尹昉 黄觉 ",
    "director":  "曾国祥",
    "story":  "同班同学的意外坠楼牵扯出一连串不为人知的故事，陈念也被一点点卷入其中…在她最孤独的时刻，一个叫“小北”的少年闯入了她的世界…大多数人的18岁都是明媚、快乐的，而他们却在18岁这个夏天",
    "movie": [
      "https://zk1.603ee.com/2019/11/26/VRNP4LgPTBeIezLF/playlist.m3u8"
    ],
    "age":"2018",
    "type":"电影",
    "type1": "2",
    "type2": "1",
    "type3": "3"
  },

  {
    "id": "1",
    "imname":  "http://pub.tcc-interiors.com/yypic/Uploads/vod/2019-10-12/5da1d460bc5ff.jpg",
    "name":  "小丑",
    "score":  "6.4",
    "Starring":  "杰昆·菲尼克斯 罗伯特·德尼罗",
    "director":  "托德·菲利普斯 ",
    "story":  "故事背景设置在20世纪80年代，讲述了一位生活陷入困境的脱口秀喜剧演员渐渐走向精神的崩溃，在哥谭市开始了疯狂的犯罪生涯，最终成为了蝙蝠侠的宿敌“小丑”的故事。 本片由《宿醉》的",
    "movie": [
      "https://zk1.603ee.com/2019/10/08/i17kHAi6Cc1Iyfjt/playlist.m3u8"
    ],
    "age":"2018",
    "type":"电影",
    "type1": "3",
    "type2": "2",
    "type3": "1"
  }

]


